suicidal,feeling suicidal
suicidal,irritable mood
suicidal,hallucinations auditory
suicidal,agitation
suicidal,worry
suicidal,feeling hopeless
nausea,sore to touch
nausea,vomiting
nausea,pain abdominal
nausea,pain
nausea,diarrhea
sore to touch,pain abdominal
sore to touch,pain
feeling suicidal,hallucinations auditory
asthenia,shortness of breath
vomiting,fever
vomiting,pain abdominal
vomiting,shortness of breath
vomiting,pain
vomiting,diarrhea
hypokinesia,shortness of breath
tremor,agitation
sweating increased,pain chest
sweating increased,shortness of breath
sweating increased,sweat
irritable mood,sleeplessness
irritable mood,hallucinations auditory
irritable mood,agitation
irritable mood,worry
unresponsiveness,fever
unresponsiveness,sleepy
decreased body weight,night sweat
decreased body weight,lesion
decreased body weight,chill
decreased body weight,mass of body structure
decreased body weight,diarrhea
angina pectoris,shortness of breath
night sweat,cough
night sweat,chill
fever,cough
fever,apyrexial
fever,chill
fever,shortness of breath
fever,pain
fever,diarrhea
fever,tachypnea
lesion,mass of body structure
drowsiness,sleepy
cough,shortness of breath
sleeplessness,hallucinations auditory
sleeplessness,feeling hopeless
pain chest,shortness of breath
pain chest,sweat
apyrexial,pain
hallucinations auditory,agitation
hallucinations auditory,worry
hallucinations auditory,feeling hopeless
pain abdominal,thicken
pain abdominal,pain
pain abdominal,diarrhea
thicken,pain
swelling,pain
dyspnea,shortness of breath
chill,diarrhea
hypotension,shortness of breath
orthopnea,shortness of breath
orthopnea,rale
agitation,worry
shortness of breath,pain
shortness of breath,rale
shortness of breath,sweat
mass of body structure,pain
pain,diarrhea
